record,created_at
15.0,2024-04-03 17:08:06
15.0,2024-04-03 23:10:57
15.0,2024-04-04 05:13:54
15.0,2024-04-04 11:17:07
15.0,2024-04-16 15:14:21
15.0,2024-04-30 15:28:14
15.0,2024-04-30 15:40:22
15.0,2024-04-30 21:43:22
15.0,2024-05-01 03:46:20
15.0,2024-05-01 09:49:20
15.0,2024-05-01 15:52:17
15.0,2024-05-01 21:55:13
15.0,2024-05-06 16:05:30
2.0,2024-05-06 16:21:09
15.0,2024-05-06 16:29:52
15.0,2024-05-06 22:33:48
15.0,2024-05-08 15:05:47
15.0,2024-05-08 21:09:21
15.0,2024-05-09 03:13:46
15.0,2024-05-09 09:17:21
15.0,2024-05-18 14:58:52
15.0,2024-05-18 15:10:23
15.0,2024-05-18 21:14:20
15.0,2024-05-19 03:18:26
15.0,2024-05-19 09:22:25
15.0,2024-05-19 09:36:07
15.0,2024-05-19 09:39:30
15.0,2024-05-19 09:46:10
15.0,2024-05-19 09:50:45
15.0,2024-05-19 10:03:58
15.0,2024-05-19 10:45:30
15.0,2024-05-19 16:49:27
15.0,2024-05-19 22:53:32
15.0,2024-05-20 04:57:35
15.0,2024-05-20 11:01:35
15.0,2024-05-20 17:05:36
15.0,2024-05-20 23:09:35
15.0,2024-05-21 05:13:41
15.0,2024-05-21 11:17:43
15.0,2024-05-21 17:21:42
15.0,2024-05-21 23:25:42
15.0,2024-05-22 05:29:42
15.0,2024-05-22 11:33:46
18.69,2024-05-30 14:01:51
2.0,2024-05-30 16:28:30
2.0,2024-05-30 16:33:59
21.94,2024-05-30 16:54:36
22.37,2024-05-30 17:00:24
24.53,2024-05-30 17:08:11
21.86,2024-05-30 17:16:01
22.14,2024-05-30 17:20:41
22.46,2024-05-30 23:24:44
22.41,2024-05-31 05:28:42
22.34,2024-05-31 11:32:43
22.42,2024-05-31 17:36:44
22.5,2024-05-31 23:40:49
22.43,2024-06-01 05:44:48
22.43,2024-06-01 11:48:49
22.49,2024-06-01 17:53:11
22.53,2024-06-01 23:56:55
22.51,2024-06-02 06:00:54
22.42,2024-06-02 12:04:57
22.19,2024-06-03 08:28:41
22.18,2024-06-05 08:30:32
21.68,2024-06-05 15:34:03
21.55,2024-06-05 15:40:34
21.7,2024-06-05 15:45:48
2.0,2024-06-05 16:57:37
2.0,2024-06-05 17:11:26
2.0,2024-06-05 17:32:25
21.42,2024-06-05 18:34:10
21.53,2024-06-07 11:18:38
20.23,2024-06-11 16:28:52
20.14,2024-06-11 16:36:58
20.56,2024-06-11 22:41:22
20.79,2024-06-12 04:45:43
21.27,2024-06-13 08:05:58
20.84,2024-06-14 07:51:39
21.19,2024-06-15 08:37:54
21.47,2024-06-18 10:11:59
22.91,2024-06-19 09:55:46
25.06,2024-06-20 15:00:27
23.3,2024-06-20 18:01:12
2.0,2024-06-21 11:16:03
2.0,2024-06-21 15:00:30
2.0,2024-06-21 21:00:26
2.0,2024-06-22 03:00:27
2.0,2024-06-22 08:52:44
2.0,2024-06-22 12:06:52
2.0,2024-06-22 15:00:27
2.0,2024-06-22 21:00:28
2.0,2024-06-23 03:00:27
2.0,2024-06-23 09:00:28
2.0,2024-06-23 15:00:35
2.0,2024-06-23 21:00:25
2.0,2024-06-24 03:00:26
2.0,2024-06-24 09:00:27
2.0,2024-06-24 15:00:31
2.0,2024-06-24 21:00:26
2.0,2024-06-25 03:00:25
2.0,2024-06-26 15:21:27
2.0,2024-06-26 18:51:25
2.0,2024-06-26 21:00:27
2.0,2024-06-27 03:00:28
2.0,2024-06-27 09:00:34
2.0,2024-06-27 15:00:26
22.92,2024-06-27 17:46:56
22.93,2024-06-27 18:00:08
22.9,2024-06-27 18:30:22
22.71,2024-06-27 21:00:50
22.73,2024-06-28 03:00:51
22.76,2024-06-28 09:00:48
22.7,2024-06-28 15:00:43
22.72,2024-06-28 21:00:54
22.63,2024-06-29 03:00:44
22.82,2024-06-29 09:00:45
22.75,2024-06-29 15:00:43
22.71,2024-06-29 21:00:56
22.72,2024-06-30 03:00:43
22.67,2024-06-30 09:00:48
22.76,2024-06-30 09:47:34
22.6,2024-06-30 15:00:49
22.65,2024-06-30 21:00:47
22.65,2024-07-01 03:00:47
22.72,2024-07-01 09:00:43
22.53,2024-07-01 15:00:43
22.59,2024-07-01 21:00:45
22.59,2024-07-02 03:00:46
22.71,2024-07-02 09:00:53
22.49,2024-07-02 15:00:43
22.09,2024-07-02 19:09:42
22.62,2024-07-02 21:00:45
22.6,2024-07-03 03:00:49
22.63,2024-07-03 09:00:45
22.47,2024-07-03 15:00:43
22.6,2024-07-03 21:00:52
22.56,2024-07-04 03:00:48
22.65,2024-07-04 09:00:47
22.52,2024-07-04 15:00:43
22.6,2024-07-04 21:00:52
22.61,2024-07-05 03:00:50
22.54,2024-07-05 09:00:43
22.46,2024-07-05 15:00:44
22.48,2024-07-05 21:00:52
22.42,2024-07-06 03:00:47
22.46,2024-07-06 09:00:43
22.55,2024-07-06 15:00:43
22.44,2024-07-06 21:00:53
22.44,2024-07-07 03:00:46
22.54,2024-07-07 09:00:44
22.58,2024-07-07 15:00:43
22.57,2024-07-07 21:00:55
22.6,2024-07-08 03:00:47
22.68,2024-07-08 09:00:44
22.51,2024-07-08 15:00:42
22.55,2024-07-08 21:00:52
22.57,2024-07-09 03:00:49
22.29,2024-07-09 08:43:38
22.67,2024-07-09 09:00:44
22.6,2024-07-09 15:00:51
22.61,2024-07-09 21:00:46
22.59,2024-07-10 03:00:44
22.85,2024-07-10 09:00:43
22.71,2024-07-10 15:00:53
22.2,2024-07-10 16:46:11
22.75,2024-07-10 21:00:51
22.78,2024-07-11 03:00:45
22.66,2024-07-11 09:00:43
22.74,2024-07-11 15:00:43
22.19,2024-07-11 18:24:37
22.72,2024-07-11 21:00:54
22.61,2024-07-12 03:00:43
22.8,2024-07-12 09:00:43
22.58,2024-07-12 15:00:45
22.59,2024-07-12 21:00:43
22.64,2024-07-13 03:00:54
22.73,2024-07-13 09:00:43
22.51,2024-07-13 15:00:42
22.56,2024-07-13 21:00:53
22.03,2024-07-13 22:05:55
22.52,2024-07-14 03:00:53
22.65,2024-07-14 09:00:48
22.44,2024-07-14 15:00:43
21.99,2024-07-14 18:57:05
22.5,2024-07-14 21:00:53
22.33,2024-07-15 03:00:44
22.65,2024-07-15 09:00:46
22.44,2024-07-15 15:00:43
22.39,2024-07-15 21:00:55
22.38,2024-07-16 03:00:44
22.46,2024-07-16 09:00:43
22.42,2024-07-16 15:00:43
22.33,2024-07-16 21:00:54
22.32,2024-07-17 03:00:43
22.57,2024-07-17 09:00:43
22.53,2024-07-17 15:00:43
22.33,2024-07-17 17:43:26
22.44,2024-07-17 21:00:47
22.53,2024-07-18 03:00:47
22.47,2024-07-18 09:00:44
22.44,2024-07-18 15:00:44
22.28,2024-07-18 16:39:48
22.45,2024-07-18 21:00:45
22.34,2024-07-19 03:00:45
22.43,2024-07-19 09:00:44
22.13,2024-07-19 11:12:05
22.52,2024-07-19 15:00:44
22.43,2024-07-19 21:00:51
22.59,2024-07-20 03:00:43
22.57,2024-07-20 09:00:43
22.53,2024-07-20 15:00:56
22.0,2024-07-20 18:39:24
22.5,2024-07-20 21:00:51
22.04,2024-07-21 02:42:32
22.39,2024-07-21 03:00:46
22.38,2024-07-21 06:42:24
22.55,2024-07-21 08:03:10
22.49,2024-07-21 09:00:44
22.41,2024-07-21 15:00:43
22.12,2024-07-21 18:08:11
22.46,2024-07-21 21:00:43
22.53,2024-07-22 03:00:49
22.61,2024-07-22 09:00:43
22.81,2024-07-22 15:00:42
22.67,2024-07-22 21:00:53
22.81,2024-07-23 03:00:43
22.71,2024-07-23 09:00:45
22.13,2024-07-23 14:53:23
22.48,2024-07-23 15:00:47
22.55,2024-07-23 21:00:47
22.5,2024-07-24 03:00:46
22.54,2024-07-24 09:00:44
22.45,2024-07-24 15:00:52
23.99,2024-07-24 17:34:09
25.16,2024-07-24 17:46:48
25.09,2024-07-24 17:55:12
25.1,2024-07-24 21:00:45
25.15,2024-07-25 03:00:44
25.22,2024-07-25 09:00:43
24.95,2024-07-25 15:00:43
24.85,2024-07-25 21:00:45
24.85,2024-07-26 03:00:44
24.74,2024-07-26 09:00:52
24.62,2024-07-26 15:00:42
24.31,2024-07-26 19:02:39
24.42,2024-07-26 21:00:53
24.45,2024-07-27 03:00:44
24.56,2024-07-27 09:00:47
24.56,2024-07-27 15:00:43
24.58,2024-07-27 15:22:06
24.6,2024-07-27 15:26:08
24.59,2024-07-27 15:29:34
24.56,2024-07-27 15:44:03
24.51,2024-07-27 16:38:11
24.5,2024-07-27 16:56:18
24.51,2024-07-27 17:07:24
24.5,2024-07-27 17:20:46
24.5,2024-07-27 17:40:54
24.51,2024-07-27 18:51:02
24.53,2024-07-27 18:58:02
24.53,2024-07-27 19:25:52
24.53,2024-07-27 19:39:18
24.54,2024-07-27 19:45:34
24.53,2024-07-27 19:54:11
24.56,2024-07-27 19:56:53
24.53,2024-07-27 20:13:29
24.55,2024-07-27 20:16:12
24.57,2024-07-27 20:24:44
24.58,2024-07-27 20:33:20
24.58,2024-07-27 20:36:11
24.54,2024-07-27 20:53:34
24.52,2024-07-27 21:03:15
24.54,2024-07-27 21:29:21
24.54,2024-07-27 21:33:31
24.52,2024-07-27 21:51:20
24.52,2024-07-27 22:00:00
24.52,2024-07-27 22:20:28
24.57,2024-07-27 22:56:33
24.55,2024-07-27 23:04:47
24.55,2024-07-27 23:10:20
24.57,2024-07-27 23:50:19
24.54,2024-07-28 00:14:42
24.54,2024-07-28 00:23:15
24.55,2024-07-28 02:26:54
24.58,2024-07-28 02:47:55
24.54,2024-07-28 03:00:43
24.59,2024-07-28 03:28:41
24.59,2024-07-28 03:32:04
24.66,2024-07-28 06:06:22
24.62,2024-07-28 06:15:56
24.66,2024-07-28 07:11:19
24.49,2024-07-28 09:14:54
24.68,2024-07-28 15:00:44
24.56,2024-07-28 21:00:42
24.61,2024-07-29 03:00:51
24.69,2024-07-29 09:00:45
24.72,2024-07-29 15:00:54
24.66,2024-07-29 21:00:44
24.75,2024-07-30 03:00:47
24.79,2024-07-30 09:00:43
24.78,2024-07-30 15:00:55
24.75,2024-07-30 21:00:46
24.83,2024-07-31 03:00:44
24.98,2024-07-31 09:00:45
24.86,2024-07-31 15:00:53
24.83,2024-07-31 21:00:42
24.86,2024-08-01 03:00:45
24.84,2024-08-01 09:00:43
24.02,2024-08-01 12:41:00
24.06,2024-08-01 15:00:44
24.17,2024-08-01 21:00:49
24.16,2024-08-02 03:00:47
24.35,2024-08-03 05:18:54
24.48,2024-08-03 09:00:45
23.65,2024-08-03 13:13:12
23.72,2024-08-03 15:00:44
23.8,2024-08-03 21:00:48
23.88,2024-08-04 03:00:45
23.9,2024-08-04 09:00:44
23.72,2024-08-04 15:00:53
23.83,2024-08-04 21:00:43
23.92,2024-08-05 03:00:48
23.69,2024-08-05 13:05:10
2.0,2024-09-06 09:00:44
2.0,2024-09-06 21:00:44
2.0,2024-09-12 15:06:37
2.0,2024-09-15 09:00:42
2.0,2024-09-15 11:47:59
2.0,2024-09-15 15:00:46
2.0,2024-09-15 21:00:42
2.0,2024-09-16 03:00:47
2.0,2024-09-16 09:00:43
2.0,2024-09-16 15:00:52
2.0,2024-09-16 21:00:45
2.0,2024-09-17 03:00:44
2.0,2024-09-17 09:00:43
2.0,2024-09-17 13:53:26
2.0,2024-09-17 15:00:43
2.0,2024-09-17 21:00:49
2.0,2024-09-18 03:00:49
2.0,2024-09-18 09:00:45
2.0,2024-09-18 10:24:13
2.0,2024-09-18 15:00:44
2.0,2024-09-18 21:00:44
2.0,2024-09-19 03:00:44
2.0,2024-09-19 09:00:43
2.0,2024-09-19 15:00:47
2.0,2024-09-19 21:00:47
2.0,2024-09-20 03:00:44
2.0,2024-09-20 09:00:43
2.0,2024-09-20 15:00:52
2.0,2024-09-20 19:39:09
2.0,2024-09-20 21:00:43
2.0,2024-09-20 21:39:36
2.0,2024-09-20 21:59:08
2.0,2024-09-21 03:00:43
2.0,2024-09-21 09:00:50
2.0,2024-09-21 15:00:44
2.0,2024-09-21 21:00:43
2.0,2024-09-22 03:00:55
2.0,2024-09-22 09:00:43
2.0,2024-09-22 13:31:30
2.0,2024-09-22 15:00:44
2.0,2024-09-22 21:00:51
2.0,2024-09-23 03:00:43
2.0,2024-09-23 09:00:47
2.0,2024-09-23 15:00:55
2.0,2024-09-23 21:00:45
2.0,2024-09-24 03:00:44
2.0,2024-09-24 09:00:42
2.0,2024-09-24 15:00:55
2.0,2024-09-24 21:00:48
2.0,2024-09-25 03:00:43
2.0,2024-09-25 09:00:45
2.0,2024-09-25 15:00:53
2.0,2024-09-25 21:00:50
2.0,2024-09-26 03:00:43
2.0,2024-09-26 09:00:45
2.0,2024-09-26 15:00:54
2.0,2024-09-26 21:00:47
2.0,2024-09-27 03:00:42
2.0,2024-09-27 09:58:25
2.0,2024-09-27 15:00:48
2.0,2024-09-27 21:00:48
2.0,2024-09-28 03:00:44
2.0,2024-10-01 14:37:14
2.0,2024-10-01 15:00:44
2.0,2024-10-01 21:00:47
2.0,2024-10-02 03:00:48
2.0,2024-10-02 09:00:47
2.0,2024-10-02 12:38:18
2.0,2024-10-02 15:00:43
2.0,2024-10-02 16:38:13
2.0,2024-10-02 16:40:53
2.0,2024-10-02 17:20:45
2.0,2024-10-02 17:23:12
0.03,2024-10-02 17:24:41
211.43,2024-10-02 17:27:57
21.07,2024-10-02 17:29:51
2.68,2024-10-02 17:34:18
21.1,2024-10-02 17:36:33
1.62,2024-10-02 17:39:57
26.34,2024-10-02 17:41:29
26.39,2024-10-02 17:43:28
26.34,2024-10-02 17:58:21
26.37,2024-10-02 18:01:20
26.26,2024-10-02 18:06:07
26.35,2024-10-02 21:00:58
26.39,2024-10-03 03:00:57
26.31,2024-10-03 15:00:54
26.42,2024-10-03 21:01:03
26.31,2024-10-04 03:00:57
26.31,2024-10-04 09:00:53
26.34,2024-10-04 12:48:16
26.27,2024-10-04 12:54:39
26.29,2024-10-04 15:00:54
26.33,2024-10-04 21:01:01
26.33,2024-10-05 03:00:53
26.33,2024-10-05 09:00:54
26.27,2024-10-05 15:01:03
26.35,2024-10-05 21:00:53
26.18,2024-10-06 03:00:54
26.3,2024-10-06 09:00:53
26.35,2024-10-06 15:01:03
26.29,2024-10-06 21:01:08
26.33,2024-10-07 03:00:56
26.32,2024-10-07 09:00:57
26.35,2024-10-07 15:01:04
26.27,2024-10-07 21:00:58
26.31,2024-10-08 03:00:58
26.32,2024-10-08 09:00:58
26.29,2024-10-08 15:01:06
26.27,2024-10-08 21:01:01
26.38,2024-10-09 03:00:55
26.29,2024-10-09 09:00:56
26.23,2024-10-09 15:01:07
26.25,2024-10-09 21:01:00
26.2,2024-10-10 03:00:55
26.27,2024-10-10 09:00:55
26.33,2024-10-10 15:01:07
26.32,2024-10-10 21:01:02
26.37,2024-10-11 03:00:56
26.32,2024-10-11 09:00:55
26.4,2024-10-11 15:01:05
26.36,2024-10-11 21:00:57
26.32,2024-10-12 03:00:56
26.28,2024-10-12 09:00:55
26.19,2024-10-12 15:01:05
26.32,2024-10-12 21:01:02
26.25,2024-10-13 03:00:54
26.28,2024-10-13 09:00:56
26.27,2024-10-13 15:01:06
26.3,2024-10-13 21:00:55
26.32,2024-10-14 03:01:00
26.34,2024-10-14 09:00:56
26.25,2024-10-14 15:01:06
26.27,2024-10-14 21:00:56
26.15,2024-10-15 03:00:56
26.2,2024-10-15 09:00:56
26.3,2024-10-15 15:01:06
26.22,2024-10-15 21:00:57
26.12,2024-10-16 03:00:55
26.24,2024-10-16 09:00:56
26.31,2024-10-16 13:06:29
26.91,2024-10-17 17:16:56
26.98,2024-10-17 19:46:22
26.46,2024-10-17 21:00:55
26.56,2024-10-18 03:00:59
26.48,2024-10-18 06:36:39
26.53,2024-10-18 09:00:54
26.51,2024-10-18 15:00:56
26.43,2024-10-18 21:00:55
26.52,2024-10-19 03:00:53
26.41,2024-10-19 09:01:03
26.4,2024-10-19 15:00:54
26.35,2024-10-19 21:00:53
26.46,2024-10-29 03:00:53
26.39,2024-10-29 09:00:57
26.43,2024-10-29 12:53:11
26.34,2024-10-29 15:00:58
26.4,2024-10-29 21:01:02
26.45,2024-10-30 03:00:55
26.32,2024-10-30 09:00:56
26.36,2024-10-30 11:51:06
26.32,2024-10-30 15:00:56
26.43,2024-10-30 21:00:53
26.28,2024-10-31 03:00:59
26.33,2024-10-31 09:00:53
26.36,2024-10-31 15:01:05
26.26,2024-10-31 21:00:54
26.4,2024-11-01 03:00:54
26.44,2024-11-01 09:00:55
26.38,2024-11-01 15:01:03
26.42,2024-11-01 21:00:53
26.52,2024-11-02 03:01:00
26.51,2024-11-02 09:03:10
26.43,2024-11-02 15:00:54
26.45,2024-11-02 21:00:59
26.6,2024-11-03 03:00:55
26.36,2024-11-03 09:20:48
26.32,2024-11-03 15:01:02
26.39,2024-11-03 21:00:58
26.44,2024-11-04 03:00:55
26.92,2024-11-04 09:27:06
26.53,2024-11-04 15:46:58
26.37,2024-11-04 21:00:55
26.36,2024-11-05 03:01:00
26.41,2024-11-05 09:00:54
26.41,2024-11-05 10:46:48
26.43,2024-11-05 15:00:55
26.35,2024-11-05 21:00:55
26.43,2024-11-06 03:00:55
26.43,2024-11-06 09:00:54
26.42,2024-11-06 15:01:02
26.38,2024-11-06 21:00:56
26.29,2024-11-07 03:00:54
26.27,2024-11-07 09:00:55
26.31,2024-11-07 15:01:05
26.17,2024-11-07 16:11:01
26.52,2024-11-07 21:01:02
26.42,2024-11-08 03:00:54
26.32,2024-11-08 09:00:54
26.33,2024-11-08 15:00:53
26.28,2024-11-08 18:46:04
26.45,2024-11-08 21:00:57
26.33,2024-11-09 03:01:01
26.31,2024-11-09 09:00:54
26.32,2024-11-09 15:00:53
26.0,2024-11-09 21:01:05
26.29,2024-11-10 03:00:58
26.3,2024-11-10 09:00:53
26.45,2024-11-10 15:00:53
26.22,2024-11-10 21:01:04
26.21,2024-11-11 03:00:55
26.36,2024-11-11 09:02:15
26.35,2024-11-11 14:57:42
26.31,2024-11-11 15:00:55
26.36,2024-11-11 21:00:54
26.35,2024-11-12 03:01:00
26.35,2024-11-12 09:00:55
26.28,2024-11-12 15:01:03
26.18,2024-11-12 16:44:06
26.21,2024-11-12 21:01:04
26.3,2024-11-13 03:00:53
26.37,2024-11-13 09:00:58
26.31,2024-11-13 15:00:53
26.43,2024-11-29 12:00:53
26.36,2024-11-29 18:01:03
26.34,2024-11-30 00:00:54
26.36,2024-11-30 06:00:54
26.41,2024-11-30 12:00:55
26.3,2024-11-30 18:01:04
26.14,2024-12-01 00:00:53
26.55,2024-12-01 06:00:58
26.32,2024-12-01 12:00:53
26.3,2024-12-01 18:01:02
26.22,2024-12-02 00:00:59
26.23,2024-12-02 06:00:56
26.38,2024-12-02 12:00:54
26.36,2024-12-02 18:01:02
26.46,2024-12-03 00:00:53
26.2,2024-12-03 06:00:56
26.34,2024-12-03 12:00:53
26.31,2024-12-03 18:01:02
26.17,2024-12-03 18:53:43
26.27,2024-12-04 00:00:58
26.43,2024-12-04 06:00:54
26.23,2024-12-04 12:00:55
26.4,2024-12-04 18:00:52
26.2,2024-12-05 00:01:04
26.33,2024-12-05 06:00:58
26.53,2024-12-05 09:19:34
26.24,2024-12-05 17:26:37
26.15,2024-12-05 18:00:59
26.21,2024-12-05 19:56:57
26.26,2024-12-06 00:00:56
26.06,2024-12-06 06:00:53
26.23,2024-12-06 08:35:52
26.44,2024-12-06 12:00:56
26.24,2024-12-06 18:00:54
26.32,2024-12-07 00:00:53
26.42,2024-12-07 06:00:59
26.31,2024-12-07 12:01:04
26.25,2024-12-07 17:09:06
26.22,2024-12-07 18:00:59
26.3,2024-12-08 00:00:54
26.36,2024-12-08 06:00:54
26.32,2024-12-08 12:00:55
26.24,2024-12-08 18:01:04
26.2,2024-12-09 00:00:54
26.0,2024-12-09 06:00:54
26.25,2024-12-09 12:00:54
26.19,2024-12-09 18:01:04
26.1,2024-12-10 00:00:53
26.0,2024-12-10 06:00:57
26.34,2024-12-10 12:00:53
26.3,2024-12-10 18:01:04
26.26,2024-12-11 00:00:54
25.75,2024-12-11 06:00:56
26.23,2024-12-11 12:00:53
26.27,2024-12-11 18:01:02
25.85,2024-12-12 00:00:53
25.73,2024-12-12 06:00:58
26.38,2024-12-12 12:00:56
26.3,2024-12-12 18:01:04
26.2,2024-12-13 00:00:56
25.69,2024-12-13 06:00:54
26.34,2024-12-13 12:00:55
26.4,2024-12-13 18:01:03
25.7,2024-12-13 19:31:57
26.32,2024-12-14 00:00:58
26.34,2024-12-14 06:00:55
26.33,2024-12-14 12:00:53
26.37,2024-12-14 18:00:53
25.97,2024-12-15 00:00:54
25.63,2024-12-15 06:00:54
26.42,2024-12-15 12:01:03
26.36,2024-12-15 18:00:53
26.31,2024-12-16 00:01:07
26.01,2024-12-16 06:00:57
26.41,2024-12-16 12:00:53
26.35,2024-12-16 18:00:52
26.31,2024-12-17 00:01:04
26.38,2024-12-17 06:00:53
26.34,2024-12-17 12:00:57
26.26,2024-12-17 18:00:53
26.33,2024-12-18 00:01:04
25.98,2024-12-18 06:00:56
26.3,2024-12-18 12:00:53
26.23,2024-12-18 16:27:44
26.25,2024-12-18 18:00:54
26.22,2024-12-19 00:01:01
25.47,2024-12-19 06:00:54
25.33,2024-12-19 12:00:53
26.42,2024-12-19 18:01:05
26.2,2024-12-20 00:00:54
25.73,2024-12-20 06:00:55
26.42,2024-12-20 12:00:53
26.44,2024-12-20 18:01:06
25.95,2024-12-21 00:00:55
25.55,2024-12-21 06:00:53
26.55,2024-12-21 12:00:54
26.51,2024-12-21 18:01:04
25.96,2024-12-21 20:34:24
26.02,2024-12-21 20:37:06
26.05,2024-12-21 21:20:49
25.92,2024-12-21 21:50:59
26.38,2024-12-22 00:00:56
26.0,2024-12-22 06:00:55
26.47,2024-12-22 12:00:56
26.22,2024-12-22 18:00:53
25.67,2024-12-23 00:01:04
26.11,2024-12-23 06:00:56
25.93,2024-12-23 12:00:56
26.63,2024-12-23 18:00:54
25.67,2024-12-24 00:01:07
25.6,2024-12-24 06:00:55
26.29,2024-12-24 12:00:56
26.42,2024-12-24 18:00:53
26.16,2024-12-25 00:01:07
25.29,2024-12-25 06:00:59
25.55,2024-12-25 12:00:57
26.45,2024-12-25 18:00:53
25.44,2024-12-26 00:01:07
25.17,2024-12-26 06:00:55
26.57,2024-12-26 12:00:56
26.43,2024-12-26 18:00:53
26.14,2024-12-27 00:01:06
25.64,2024-12-27 06:00:59
26.42,2024-12-27 12:00:58
26.45,2024-12-27 18:00:53
26.45,2024-12-27 18:27:04
26.12,2024-12-28 00:00:59
25.49,2024-12-28 06:00:56
26.41,2024-12-28 12:00:54
26.29,2024-12-28 18:00:54
26.31,2024-12-28 20:44:51
26.43,2024-12-29 00:00:54
26.49,2024-12-29 06:01:00
26.29,2024-12-29 13:11:26
26.27,2024-12-29 18:00:55
26.3,2024-12-30 00:00:56
26.31,2024-12-30 06:00:55
26.22,2024-12-30 09:14:43
26.27,2024-12-30 10:24:16
26.23,2024-12-30 12:01:03
26.1,2024-12-30 18:00:53
26.2,2024-12-30 19:51:16
26.26,2024-12-31 00:01:02
26.35,2024-12-31 00:31:50
26.28,2024-12-31 03:16:07
26.3,2024-12-31 06:00:54
26.16,2024-12-31 12:00:59
26.28,2024-12-31 16:22:31
26.29,2024-12-31 17:37:22
26.22,2024-12-31 18:00:56
26.28,2025-01-01 00:00:57
26.2,2025-01-01 06:00:58
26.2,2025-01-01 12:00:57
26.2,2025-01-01 13:29:24
26.16,2025-01-01 14:06:25
26.16,2025-01-01 14:54:03
26.27,2025-01-01 17:08:24
26.15,2025-01-01 18:00:55
26.2,2025-01-02 00:00:56
26.2,2025-01-02 06:00:57
26.16,2025-01-02 12:00:53
25.99,2025-01-02 18:01:05
26.05,2025-01-03 00:01:00
26.4,2025-01-06 15:02:03
26.37,2025-01-06 18:00:56
26.37,2025-01-07 00:00:58
26.12,2025-01-07 06:00:55
26.38,2025-01-07 12:00:56
26.75,2025-01-07 15:31:59
26.5,2025-01-07 18:00:58
26.59,2025-01-07 21:53:59
26.44,2025-01-08 00:00:56
26.6,2025-01-08 06:01:00
26.41,2025-01-08 12:00:54
26.31,2025-01-08 15:39:19
26.46,2025-01-08 18:00:55
26.49,2025-01-09 00:01:01
26.56,2025-01-09 06:00:53
26.33,2025-01-09 12:00:56
26.35,2025-01-09 18:01:04
26.45,2025-01-10 00:00:59
26.57,2025-01-10 06:00:53
26.36,2025-01-10 12:00:56
26.43,2025-01-10 18:01:03
26.49,2025-01-11 00:00:54
26.57,2025-01-11 06:00:57
26.42,2025-01-11 12:00:53
26.34,2025-01-11 18:01:03
26.4,2025-01-12 00:00:54
26.71,2025-01-12 06:00:54
26.5,2025-01-12 12:00:53
26.46,2025-01-12 18:01:03
28.72,2025-01-12 22:53:00
26.48,2025-01-13 00:00:57
26.65,2025-01-13 06:00:57
26.42,2025-01-13 12:00:55
26.37,2025-01-13 16:49:11
28.04,2025-01-13 21:38:27
26.47,2025-01-14 00:01:00
26.49,2025-01-14 06:00:58
26.32,2025-01-14 12:00:53
26.26,2025-01-14 16:19:35
26.32,2025-01-14 18:00:54
26.39,2025-01-15 00:00:53
26.38,2025-01-15 06:00:58
26.23,2025-01-15 12:00:53
26.28,2025-01-15 18:01:02
26.28,2025-01-16 00:01:03
26.28,2025-01-16 06:00:54
26.29,2025-01-16 12:01:00
24.9,2025-01-16 18:01:05
26.36,2025-01-17 00:00:53
26.32,2025-01-17 06:00:58
24.52,2025-01-17 12:00:58
33.07,2025-01-17 18:01:02
26.32,2025-01-18 00:00:53
26.47,2025-01-18 06:01:00
27.22,2025-01-18 12:01:00
26.28,2025-01-18 18:01:04
26.21,2025-01-18 19:49:38
26.33,2025-01-19 00:00:55
26.31,2025-01-19 06:00:59
26.35,2025-01-19 08:43:38
26.22,2025-01-19 12:00:55
26.27,2025-01-19 17:17:47
26.26,2025-01-19 18:00:59
26.27,2025-01-20 00:00:57
26.4,2025-01-20 06:00:58
24.94,2025-01-20 12:00:55
26.06,2025-01-20 18:00:59
26.41,2025-01-21 00:00:53
26.5,2025-01-21 06:00:56
25.89,2025-01-21 12:00:53
26.04,2025-01-21 18:01:00
26.39,2025-01-22 00:00:53
26.43,2025-01-22 06:00:56
26.29,2025-01-22 11:07:52
24.07,2025-01-22 12:01:04
26.32,2025-01-22 18:00:57
26.37,2025-01-23 00:01:03
26.52,2025-01-23 06:00:53
26.3,2025-01-23 12:01:06
26.55,2025-01-23 18:00:53
26.47,2025-01-24 00:00:59
26.65,2025-01-24 06:00:53
27.09,2025-01-24 09:51:41
26.76,2025-01-24 10:20:20
26.4,2025-01-24 12:00:55
26.33,2025-01-24 18:00:53
26.32,2025-01-24 21:08:00
26.26,2025-01-25 00:00:58
26.43,2025-01-25 06:00:54
26.35,2025-01-25 12:00:57
26.21,2025-01-25 18:00:57
26.35,2025-01-25 19:20:38
26.41,2025-01-25 20:32:06
26.18,2025-01-26 00:00:57
26.36,2025-01-26 06:00:57
26.29,2025-01-26 12:00:54
26.27,2025-01-26 18:00:53
26.23,2025-01-27 00:01:04
26.46,2025-01-27 06:00:57
26.2,2025-01-27 12:00:53
26.24,2025-01-27 18:00:53
26.21,2025-01-28 00:01:06
26.35,2025-01-28 06:01:02
26.31,2025-01-28 12:00:55
26.27,2025-01-28 18:00:53
26.28,2025-01-29 00:01:06
26.28,2025-01-29 06:01:01
26.25,2025-01-29 12:00:55
26.25,2025-01-29 18:00:53
26.27,2025-01-30 00:01:02
26.26,2025-01-30 06:00:57
26.31,2025-01-30 12:00:54
26.19,2025-01-30 18:00:53
26.23,2025-01-30 19:32:29
26.29,2025-01-31 00:01:03
26.32,2025-01-31 06:01:04
26.31,2025-01-31 18:12:02
26.3,2025-01-31 19:39:15
26.22,2025-02-01 00:01:01
26.2,2025-02-01 06:00:56
26.24,2025-02-01 12:00:53
26.24,2025-02-01 18:00:52
26.21,2025-02-02 00:01:07
26.27,2025-02-02 06:00:58
26.25,2025-02-02 12:00:55
26.22,2025-02-02 18:00:53
26.22,2025-02-03 00:01:05
26.44,2025-02-03 06:00:53
26.24,2025-02-03 12:00:57
26.26,2025-02-03 18:00:53
26.29,2025-02-03 19:36:54
26.23,2025-02-03 21:34:52
26.26,2025-02-04 00:00:59
26.32,2025-02-04 06:00:53
26.05,2025-02-04 12:00:56
26.3,2025-02-04 16:18:33
26.61,2025-02-08 06:48:06
26.27,2025-02-08 12:00:58
26.24,2025-02-08 18:00:53
27.35,2025-02-09 09:13:12
26.66,2025-02-09 09:26:35
26.25,2025-02-09 12:01:02
26.2,2025-02-09 13:40:24
26.26,2025-02-09 18:00:57
26.29,2025-02-09 20:03:12
26.46,2025-02-09 22:31:31
26.41,2025-02-09 22:43:37
26.75,2025-02-09 23:06:49
26.28,2025-02-10 00:00:59
26.31,2025-02-10 06:00:53
26.24,2025-02-10 12:01:00
26.66,2025-02-10 13:42:52
26.33,2025-02-10 14:35:13
26.2,2025-02-10 18:00:57
26.27,2025-02-11 00:00:54
26.35,2025-02-11 06:00:56
26.22,2025-02-11 12:00:53
26.16,2025-02-11 18:01:05
26.23,2025-02-11 21:34:00
26.23,2025-02-12 00:01:00
26.43,2025-02-12 06:00:58
26.17,2025-02-12 12:00:59
26.22,2025-02-12 12:44:46
26.7,2025-02-13 00:24:46
26.28,2025-02-13 06:00:59
26.17,2025-02-13 12:04:52
26.17,2025-02-13 18:03:17
26.3,2025-02-13 19:07:33
26.3,2025-02-14 00:01:01
26.57,2025-02-14 06:00:58
26.23,2025-02-14 12:00:57
26.21,2025-02-14 18:00:54
26.2,2025-02-15 00:01:04
26.42,2025-02-15 06:00:55
26.28,2025-02-15 12:00:53
26.22,2025-02-15 18:00:53
26.3,2025-02-16 00:01:05
26.44,2025-02-16 06:00:53
26.22,2025-02-16 12:00:57
26.12,2025-02-16 18:00:53
26.27,2025-02-17 00:01:04
26.24,2025-02-17 06:00:56
26.14,2025-02-17 12:00:53
26.43,2025-02-17 19:30:06
26.34,2025-02-17 21:28:28
26.34,2025-02-18 00:00:54
26.45,2025-02-18 06:00:57
26.27,2025-02-18 12:00:57
26.21,2025-02-18 18:00:54
26.17,2025-02-18 21:23:59
26.34,2025-02-19 00:00:53
26.2,2025-02-19 06:01:02
26.17,2025-02-19 12:00:55
26.15,2025-02-19 18:00:54
26.3,2025-02-19 21:08:58
26.22,2025-02-20 00:00:54
26.37,2025-02-20 06:00:57
26.24,2025-02-20 12:00:53
26.2,2025-02-20 18:00:53
26.2,2025-02-21 00:01:05
26.4,2025-02-21 06:00:54
26.15,2025-02-21 10:36:16
26.1,2025-02-21 11:49:06
26.09,2025-02-21 12:00:20
26.19,2025-02-21 12:10:19
26.14,2025-02-21 12:12:08
26.07,2025-02-21 18:00:53
26.08,2025-02-21 19:32:17
26.2,2025-02-22 00:00:39
26.26,2025-02-22 05:32:49
26.25,2025-02-22 06:00:53
26.05,2025-02-22 12:00:57
26.16,2025-02-22 18:00:53
26.12,2025-02-22 19:32:25
26.17,2025-02-23 00:00:39
26.19,2025-02-23 05:33:04
26.2,2025-02-23 06:00:54
26.13,2025-02-23 12:00:55
26.18,2025-02-23 18:00:53
26.29,2025-02-23 19:32:16
26.25,2025-02-24 00:00:36
26.49,2025-02-24 05:32:34
26.39,2025-02-24 06:00:56
26.12,2025-02-24 12:00:57
26.07,2025-02-24 18:00:53
26.17,2025-02-24 19:32:26
26.2,2025-02-25 00:00:36
26.19,2025-02-25 05:32:35
26.2,2025-02-25 06:00:54
26.14,2025-02-25 10:07:47
26.03,2025-02-25 12:01:01
26.07,2025-02-25 13:21:59
26.06,2025-02-25 18:00:57
26.17,2025-02-25 19:32:14
25.98,2025-02-26 00:00:38
26.05,2025-02-26 06:00:36
26.19,2025-02-26 07:33:06
25.98,2025-02-26 12:00:58
26.1,2025-02-26 18:00:54
26.11,2025-02-26 19:32:14
26.17,2025-02-27 00:00:36
26.15,2025-02-27 06:00:36
26.09,2025-02-27 07:32:34
26.01,2025-02-27 12:00:53
25.97,2025-02-27 18:01:01
25.99,2025-02-27 19:32:16
26.11,2025-02-28 00:00:36
26.02,2025-02-28 06:00:36
26.02,2025-02-28 07:32:35
26.0,2025-02-28 12:00:56
26.03,2025-02-28 18:00:54
26.07,2025-02-28 18:33:59
25.97,2025-02-28 19:32:15
26.0,2025-03-01 00:00:36
26.14,2025-03-01 06:00:37
26.01,2025-03-01 07:32:32
25.93,2025-03-01 12:00:56
25.97,2025-03-01 18:00:57
25.99,2025-03-01 19:32:29
26.05,2025-03-02 00:00:36
26.27,2025-03-02 06:00:36
26.06,2025-03-02 13:35:58
26.09,2025-03-02 18:00:55
26.07,2025-03-02 19:32:15
26.13,2025-03-03 00:00:36
26.12,2025-03-03 06:00:35
26.08,2025-03-03 07:32:32
26.03,2025-03-03 12:01:04
26.12,2025-03-04 17:37:25
26.09,2025-03-04 18:00:56
26.15,2025-03-04 19:32:14
26.13,2025-03-05 00:00:37
26.21,2025-03-05 06:00:36
26.28,2025-03-05 07:32:32
26.13,2025-03-05 12:01:02
25.97,2025-03-05 15:17:13
26.12,2025-03-05 17:22:20
26.06,2025-03-05 18:00:55
26.08,2025-03-05 19:32:14
26.2,2025-03-05 20:23:22
26.24,2025-03-06 00:00:37
26.32,2025-03-06 06:00:36
26.3,2025-03-06 07:32:36
26.05,2025-03-06 12:00:54
26.07,2025-03-06 18:00:53
26.1,2025-03-06 19:32:15
26.14,2025-03-07 00:00:36
26.25,2025-03-07 06:00:36
26.17,2025-03-07 07:32:32
26.15,2025-03-07 12:01:00
26.15,2025-03-07 18:00:55
26.05,2025-03-07 19:32:16
26.14,2025-03-08 00:00:35
26.18,2025-03-08 06:00:38
26.04,2025-03-08 12:01:02
26.1,2025-03-08 18:01:01
26.11,2025-03-08 19:32:14
26.1,2025-03-09 00:00:35
26.19,2025-03-09 06:00:36
26.25,2025-03-09 07:32:48
26.2,2025-03-09 12:00:56
26.12,2025-03-09 18:00:53
26.17,2025-03-09 19:32:15
26.25,2025-03-10 00:00:36
26.27,2025-03-10 06:00:36
26.27,2025-03-10 07:32:31
26.25,2025-03-10 12:00:56
26.17,2025-03-10 18:00:57
26.22,2025-03-10 19:32:24
26.2,2025-03-11 00:00:37
26.18,2025-03-11 06:00:36
26.2,2025-03-11 07:32:35
26.1,2025-03-11 12:01:00
26.02,2025-03-11 18:00:54
26.14,2025-03-11 19:32:15
26.09,2025-03-12 00:00:36
26.37,2025-03-12 06:00:36
26.2,2025-03-12 12:01:05
26.15,2025-03-12 18:00:54
26.28,2025-03-12 19:32:33
26.33,2025-03-13 00:00:36
26.4,2025-03-13 06:00:36
26.23,2025-03-13 10:21:28
26.16,2025-03-13 11:31:20
26.16,2025-03-13 12:00:36
26.1,2025-03-13 16:33:00
26.13,2025-03-13 18:00:36
26.1,2025-03-13 19:32:09
26.23,2025-03-14 00:00:38
26.47,2025-03-14 06:00:36
26.79,2025-03-14 07:32:32
26.01,2025-03-14 12:00:56
26.0,2025-03-14 18:00:54
26.02,2025-03-14 19:32:15
26.18,2025-03-15 00:00:38
26.18,2025-03-15 06:00:36
26.07,2025-03-15 07:32:35
26.15,2025-03-15 12:00:54
26.11,2025-03-15 18:00:55
26.12,2025-03-15 19:32:14
26.1,2025-03-16 00:00:37
26.36,2025-03-16 06:00:36
26.65,2025-03-16 07:32:30
26.3,2025-03-16 12:00:54
26.15,2025-03-16 18:01:02
26.2,2025-03-16 19:32:16
26.31,2025-03-17 00:00:36
26.37,2025-03-17 06:00:36
26.08,2025-03-17 12:01:04
26.1,2025-03-17 18:01:00
26.21,2025-03-17 19:32:15
26.29,2025-03-18 00:00:37
26.35,2025-03-18 06:00:37
26.51,2025-03-18 07:32:32
27.06,2025-03-18 19:46:29
26.15,2025-03-19 00:00:54
26.27,2025-03-19 06:01:02
26.25,2025-03-19 07:33:03
26.21,2025-03-19 12:07:27
26.18,2025-03-19 18:00:54
26.18,2025-03-19 19:32:15
26.24,2025-03-19 21:28:16
26.9,2025-03-20 00:00:36
26.75,2025-03-20 06:00:36
26.61,2025-03-20 07:33:05
26.18,2025-03-20 13:53:18
26.09,2025-03-20 18:00:54
26.2,2025-03-20 19:32:15
26.47,2025-03-21 00:00:38
26.75,2025-03-21 06:00:36
26.49,2025-03-21 07:33:03
25.97,2025-03-21 12:00:57
26.1,2025-03-21 18:00:54
26.14,2025-03-21 19:32:15
26.45,2025-03-22 00:00:38
26.37,2025-03-22 06:00:36
26.3,2025-03-22 07:32:35
26.2,2025-03-22 12:01:01
26.08,2025-03-22 18:00:53
26.17,2025-03-22 18:28:40
26.22,2025-03-22 19:32:14
26.15,2025-03-23 00:00:38
26.4,2025-03-23 06:00:36
26.61,2025-03-23 07:32:34
26.13,2025-03-23 12:00:55
26.21,2025-03-23 18:00:53
26.26,2025-03-23 19:32:15
26.25,2025-03-24 00:00:35
26.3,2025-03-25 16:52:39
26.2,2025-03-25 16:56:13
26.22,2025-03-25 18:00:36
26.22,2025-03-25 19:20:51
26.2,2025-03-25 19:32:09
26.25,2025-03-25 19:51:09
26.34,2025-03-25 20:40:28
26.33,2025-03-25 21:23:51
26.67,2025-03-26 00:00:36
26.7,2025-03-26 05:41:44
26.79,2025-03-26 06:00:37
27.46,2025-03-26 07:32:34
26.52,2025-03-26 12:01:02
26.13,2025-03-26 17:55:16
26.22,2025-03-26 18:01:00
26.2,2025-03-26 19:32:15
26.36,2025-03-27 00:00:36
27.28,2025-03-27 06:00:37
27.07,2025-03-27 07:32:57
26.45,2025-03-27 12:00:59
26.24,2025-03-27 18:00:55
26.14,2025-03-27 18:35:14
26.2,2025-03-27 18:51:07
26.01,2025-03-27 19:32:16
27.85,2025-03-28 21:47:25
26.33,2025-03-29 00:00:37
26.67,2025-03-29 06:00:36
26.58,2025-03-29 07:32:38
26.29,2025-03-29 12:00:58
26.19,2025-03-29 18:00:53
26.22,2025-03-29 19:32:26
26.2,2025-03-29 21:18:22
26.18,2025-03-29 21:25:31
26.17,2025-03-29 21:40:09
26.12,2025-03-29 21:44:02
26.21,2025-03-29 22:10:55
26.23,2025-03-29 22:40:59
26.14,2025-03-29 22:51:20
26.17,2025-03-29 22:56:44
26.17,2025-03-29 22:59:25
26.16,2025-03-29 23:05:28
26.17,2025-03-29 23:09:52
26.23,2025-03-30 00:00:36
26.27,2025-03-30 00:32:20
26.31,2025-03-30 00:42:51
26.11,2025-03-30 00:48:10
26.22,2025-03-30 00:56:35
26.3,2025-03-30 01:03:47
26.43,2025-03-30 01:10:38
26.43,2025-03-30 01:19:18
26.37,2025-03-30 01:39:39
26.45,2025-03-30 01:49:39
26.23,2025-03-30 03:54:05
26.3,2025-03-30 04:09:04
26.29,2025-03-30 06:00:36
26.34,2025-03-30 07:32:41
26.08,2025-03-30 10:27:18
26.11,2025-03-30 10:41:20
26.16,2025-03-30 10:51:11
26.11,2025-03-30 10:57:45
26.11,2025-03-30 11:09:38
26.11,2025-03-30 11:15:04
26.15,2025-03-30 11:25:59
26.11,2025-03-30 11:44:25
26.1,2025-03-30 11:57:11
26.12,2025-03-30 12:09:46
26.12,2025-03-30 12:17:27
26.25,2025-03-30 12:28:11
26.12,2025-03-30 12:44:24
26.15,2025-03-30 12:53:14
26.07,2025-03-30 13:42:21
26.28,2025-03-30 13:49:19
26.17,2025-03-30 13:55:07
26.11,2025-03-30 14:05:59
26.07,2025-03-30 14:15:52
26.26,2025-03-30 14:19:17
26.34,2025-03-30 14:28:05
26.26,2025-03-30 18:00:55
26.46,2025-03-30 19:32:18
26.69,2025-03-31 00:00:40
27.6,2025-03-31 06:00:38
28.62,2025-03-31 07:32:36
26.2,2025-03-31 12:00:58
26.24,2025-03-31 18:00:56
26.2,2025-03-31 19:32:14
26.29,2025-04-01 00:00:36
26.79,2025-04-01 06:00:36
26.75,2025-04-01 07:33:02
26.15,2025-04-01 12:03:41
26.34,2025-04-01 18:01:00
26.18,2025-04-01 19:32:22
26.35,2025-04-01 19:53:42
26.36,2025-04-01 20:36:22
26.35,2025-04-01 21:17:33
26.42,2025-04-02 00:00:36
26.62,2025-04-02 06:00:36
26.61,2025-04-02 07:33:00
26.3,2025-04-02 12:00:54
26.1,2025-04-02 18:00:53
26.19,2025-04-02 19:32:26
26.22,2025-04-02 19:43:00
26.17,2025-04-02 20:11:17
26.4,2025-04-03 00:00:36
27.16,2025-04-03 06:00:36
26.35,2025-04-03 07:33:00
26.2,2025-04-03 12:00:54
26.17,2025-04-03 18:00:55
26.11,2025-04-03 19:32:31
26.4,2025-04-04 00:00:38
26.74,2025-04-04 06:00:36
26.51,2025-04-04 07:32:34
26.25,2025-04-04 12:00:53
26.13,2025-04-04 18:00:54
26.13,2025-04-04 19:32:15
26.07,2025-04-05 00:00:38
25.43,2025-04-05 06:00:36
26.14,2025-04-05 07:32:34
26.38,2025-04-05 12:00:56
26.2,2025-04-05 18:00:52
26.32,2025-04-05 19:32:33
26.38,2025-04-05 20:27:14
26.9,2025-04-06 00:00:37
27.16,2025-04-06 06:00:35
26.52,2025-04-06 07:33:04
26.4,2025-04-06 12:00:59
26.25,2025-04-06 18:00:53
26.48,2025-04-06 19:32:14
26.44,2025-04-06 19:43:40
26.77,2025-04-07 00:00:37
26.07,2025-04-07 06:00:35
26.44,2025-04-07 07:32:31
26.39,2025-04-07 12:00:54
26.23,2025-04-07 18:00:56
26.36,2025-04-07 19:32:35
26.36,2025-04-08 00:00:36
26.76,2025-04-08 06:00:36
26.64,2025-04-08 07:32:35
26.36,2025-04-08 10:45:33
26.3,2025-04-08 12:00:56
26.28,2025-04-08 18:00:54
26.29,2025-04-08 19:32:27
26.37,2025-04-09 00:00:36
26.9,2025-04-09 06:00:36
26.3,2025-04-09 07:32:51
26.32,2025-04-09 12:00:58
26.24,2025-04-09 18:00:53
26.52,2025-04-09 19:32:13
26.28,2025-04-10 00:00:36
25.17,2025-04-10 06:00:36
25.77,2025-04-10 07:32:46
26.26,2025-04-10 12:01:00
25.83,2025-04-10 19:35:33
31.36,2025-04-11 02:22:59
26.77,2025-04-11 06:00:54
26.95,2025-04-11 07:32:37
26.09,2025-04-11 12:00:54
26.2,2025-04-11 18:00:54
26.23,2025-04-11 19:32:16
26.25,2025-04-11 20:11:17
26.34,2025-04-12 00:00:36
26.73,2025-04-12 06:00:36
26.91,2025-04-12 07:32:33
26.42,2025-04-12 12:00:54
26.46,2025-04-12 18:00:53
26.54,2025-04-12 19:21:42
26.49,2025-04-12 19:32:15
26.24,2025-04-13 00:00:35
26.41,2025-04-13 06:00:36
26.38,2025-04-13 07:32:31
26.27,2025-04-13 12:00:53
26.28,2025-04-13 18:01:01
26.24,2025-04-13 19:32:14
26.29,2025-04-13 20:55:09
26.39,2025-04-14 00:00:35
27.21,2025-04-14 06:00:36
27.1,2025-04-14 07:33:02
26.23,2025-04-14 12:00:53
26.41,2025-04-14 13:47:46
26.28,2025-04-14 18:00:57
26.23,2025-04-14 19:32:14
26.26,2025-04-14 20:04:44
26.22,2025-04-14 20:29:22
26.22,2025-04-14 20:40:19
26.35,2025-04-15 00:00:37
26.45,2025-04-15 06:00:36
26.43,2025-04-15 07:32:35
26.21,2025-04-15 12:00:54
26.26,2025-04-15 18:00:59
26.24,2025-04-15 19:32:14
26.27,2025-04-15 19:41:03
26.36,2025-04-15 20:55:03
26.75,2025-04-16 00:00:36
26.23,2025-04-16 06:00:36
26.26,2025-04-16 07:32:32
26.22,2025-04-16 12:00:55
26.2,2025-04-16 18:00:53
26.38,2025-04-16 20:43:39
26.27,2025-04-16 21:34:40
26.46,2025-04-17 00:00:54
26.72,2025-04-17 06:01:01
26.87,2025-04-17 07:32:40
26.1,2025-04-17 12:00:54
26.15,2025-04-17 18:00:59
26.15,2025-04-17 19:32:17
26.18,2025-04-17 19:41:23
26.75,2025-04-18 00:00:36
26.5,2025-04-18 06:00:36
26.41,2025-04-18 07:33:03
26.14,2025-04-18 12:00:57
26.2,2025-04-18 15:14:14
26.12,2025-04-18 18:01:00
26.17,2025-04-18 19:32:14
26.33,2025-04-19 00:00:39
26.33,2025-04-19 06:00:36
26.32,2025-04-19 07:32:32
26.16,2025-04-19 12:01:01
26.2,2025-04-19 18:00:53
26.02,2025-04-19 19:32:18
26.25,2025-04-20 00:00:40
26.34,2025-04-20 06:00:36
26.45,2025-04-20 07:33:08
26.23,2025-04-20 12:00:56
26.15,2025-04-20 18:00:53
26.1,2025-04-20 19:32:15
26.3,2025-04-21 00:00:37
26.36,2025-04-21 06:00:37
26.5,2025-04-21 07:32:34
26.16,2025-04-21 15:12:05
26.22,2025-04-21 18:00:55
26.21,2025-04-21 19:32:15
26.28,2025-04-21 21:36:31
26.12,2025-04-22 00:00:42
26.45,2025-04-22 06:00:36
26.47,2025-04-22 07:32:54
26.25,2025-04-22 12:00:59
26.22,2025-04-22 18:00:55
26.22,2025-04-22 19:32:15
26.22,2025-04-22 20:00:59
26.35,2025-04-23 00:00:36
26.36,2025-04-23 06:00:36
26.57,2025-04-23 07:32:33
26.17,2025-04-23 12:00:54
26.24,2025-04-23 18:00:55
26.12,2025-04-23 19:32:15
26.43,2025-04-24 00:00:39
26.27,2025-04-24 06:00:37
26.3,2025-04-24 07:32:33
26.12,2025-04-24 12:00:53
26.12,2025-04-24 18:01:00
26.06,2025-04-24 19:32:16
26.3,2025-04-24 20:34:34
26.27,2025-04-25 00:00:37
26.55,2025-04-25 06:00:36
26.54,2025-04-25 07:32:35
26.25,2025-04-25 16:25:19
26.12,2025-04-25 18:01:01
26.17,2025-04-25 19:18:33
26.14,2025-04-25 19:32:14
26.16,2025-04-25 19:36:55
26.14,2025-04-25 20:03:51
26.18,2025-04-25 20:52:17
26.25,2025-04-26 00:00:36
26.35,2025-04-26 06:00:36
26.3,2025-04-26 07:33:05
26.2,2025-04-26 10:41:23
26.18,2025-04-26 12:00:57
26.16,2025-04-26 18:00:53
26.19,2025-04-26 19:32:14
26.17,2025-04-26 20:25:33
26.19,2025-04-27 00:00:37
26.46,2025-04-27 06:00:36
26.47,2025-04-27 07:32:34
26.16,2025-04-27 12:01:00
26.11,2025-04-27 18:00:53
26.1,2025-04-27 19:32:19
26.25,2025-04-28 00:00:39
26.37,2025-04-28 06:00:36
26.15,2025-04-28 12:01:08
26.19,2025-04-28 18:00:53
26.17,2025-04-28 19:32:13
26.22,2025-04-29 00:00:35
26.36,2025-04-29 06:00:36
26.42,2025-04-29 06:41:48
26.36,2025-04-29 07:32:39
26.42,2025-04-29 07:53:27
26.37,2025-04-29 08:11:17
26.17,2025-04-29 12:39:49
26.06,2025-04-29 14:26:23
26.13,2025-04-29 18:00:56
26.21,2025-04-29 19:32:14
26.15,2025-04-29 19:58:49
26.2,2025-04-30 00:00:36
26.35,2025-04-30 06:00:36
26.39,2025-04-30 07:32:37
26.19,2025-04-30 12:01:00
26.15,2025-04-30 18:00:53
26.1,2025-04-30 19:32:14
26.46,2025-05-01 00:06:53
26.32,2025-05-01 06:00:38
26.18,2025-05-01 07:32:32
26.19,2025-05-01 12:01:01
26.1,2025-05-01 18:00:53
26.07,2025-05-01 19:32:14
26.27,2025-05-02 00:00:43
26.32,2025-05-02 06:00:36
26.37,2025-05-02 07:33:08
26.2,2025-05-02 12:00:57
26.13,2025-05-02 18:00:54
26.09,2025-05-02 19:32:24
26.14,2025-05-02 20:18:24
26.25,2025-05-03 00:00:44
26.27,2025-05-03 06:00:36
26.29,2025-05-03 07:32:35
26.14,2025-05-03 12:00:55
26.22,2025-05-03 18:00:52
26.12,2025-05-03 19:32:23
26.19,2025-05-03 19:49:43
26.31,2025-05-04 00:00:36
26.42,2025-05-04 06:00:36
26.36,2025-05-04 07:32:44
26.2,2025-05-04 12:00:59
25.96,2025-05-04 17:57:10
26.09,2025-05-04 18:01:01
26.22,2025-05-04 19:32:16
26.24,2025-05-05 00:00:37
26.12,2025-05-05 06:00:36
26.29,2025-05-05 07:32:35
26.19,2025-05-05 12:00:55
26.16,2025-05-05 18:00:54
26.06,2025-05-05 19:32:16
26.23,2025-05-05 20:15:58
26.33,2025-05-06 00:00:39
26.4,2025-05-06 06:00:36
26.28,2025-05-06 07:32:52
26.18,2025-05-06 12:00:59
26.1,2025-05-06 18:00:54
26.09,2025-05-06 19:32:16
26.68,2025-05-07 00:00:36
26.21,2025-05-07 06:00:37
26.34,2025-05-07 07:32:33
26.22,2025-05-07 12:00:54
26.08,2025-05-07 15:26:02
26.17,2025-05-07 18:01:00
26.29,2025-05-07 20:18:11
26.4,2025-05-07 20:54:46
26.15,2025-05-08 00:00:38
26.33,2025-05-08 06:00:36
26.27,2025-05-08 07:32:57
26.08,2025-05-08 17:50:50
26.3,2025-05-08 18:00:55
26.26,2025-05-08 19:32:14
26.15,2025-05-08 19:50:27
26.24,2025-05-08 20:51:52
26.26,2025-05-09 00:00:36
26.44,2025-05-09 06:00:37
26.39,2025-05-09 07:32:55
26.22,2025-05-09 12:00:58
26.27,2025-05-09 18:00:53
26.14,2025-05-09 19:32:22
26.25,2025-05-09 19:41:33
26.24,2025-05-09 19:58:15
26.18,2025-05-09 20:16:36
26.26,2025-05-10 00:00:40
26.25,2025-05-10 06:00:36
26.25,2025-05-10 07:33:07
26.16,2025-05-10 12:00:57
26.11,2025-05-10 18:00:53
26.09,2025-05-10 19:32:15
26.14,2025-05-10 20:04:54
26.13,2025-05-10 20:43:02
26.19,2025-05-11 00:00:35
26.36,2025-05-11 06:00:36
26.36,2025-05-11 07:32:32
26.1,2025-05-11 12:01:02
26.17,2025-05-11 18:00:53
26.15,2025-05-11 19:32:15
26.25,2025-05-12 00:00:36
26.31,2025-05-12 06:00:36
27.41,2025-05-12 09:44:37
26.14,2025-05-12 12:00:37
26.21,2025-05-12 18:00:35
26.22,2025-05-12 19:32:12
26.27,2025-05-13 00:00:35
27.22,2025-05-13 10:12:43
26.29,2025-05-13 12:00:40
26.22,2025-05-13 18:00:38
26.18,2025-05-13 19:32:21
26.22,2025-05-14 00:00:37
26.4,2025-05-14 06:00:36
26.34,2025-05-14 07:32:34
26.13,2025-05-14 12:01:01
26.16,2025-05-14 18:00:53
26.24,2025-05-14 19:32:15
26.88,2025-05-14 21:46:34
26.25,2025-05-15 00:00:38
26.27,2025-05-15 06:00:36
26.25,2025-05-15 07:32:33
26.16,2025-05-15 12:00:54
26.14,2025-05-15 18:01:01
26.15,2025-05-15 19:32:16
26.22,2025-05-16 00:00:36
26.31,2025-05-16 06:00:36
26.35,2025-05-16 07:32:33
26.14,2025-05-16 12:01:01
26.19,2025-05-16 18:00:54
26.15,2025-05-16 19:32:14
26.24,2025-05-17 00:00:37
26.27,2025-05-17 06:00:36
26.2,2025-05-17 07:32:34
26.16,2025-05-17 11:32:41
26.2,2025-05-17 12:00:56
26.14,2025-05-17 18:00:54
26.18,2025-05-17 19:32:15
26.17,2025-05-18 00:00:35
26.22,2025-05-18 06:00:38
26.27,2025-05-18 07:32:47
26.2,2025-05-18 10:08:14
26.12,2025-05-18 12:00:54
26.18,2025-05-18 18:01:02
26.08,2025-05-18 19:32:14
26.12,2025-05-19 00:00:41
26.26,2025-05-19 06:00:36
26.25,2025-05-19 07:32:35
26.47,2025-05-19 08:06:23
26.08,2025-05-19 12:00:55
26.13,2025-05-19 18:00:56
26.2,2025-05-19 19:32:16
26.19,2025-05-20 00:00:36
26.27,2025-05-20 06:00:36
26.23,2025-05-20 07:32:59
26.12,2025-05-20 12:00:57
26.1,2025-05-20 18:00:52
26.09,2025-05-20 19:32:15
26.29,2025-05-21 00:00:38
26.38,2025-05-21 06:00:36
26.27,2025-05-21 07:33:00
26.22,2025-05-21 12:00:58
26.21,2025-05-21 18:00:54
26.11,2025-05-21 19:32:17
26.09,2025-05-22 00:00:39
26.28,2025-05-22 06:00:36
26.29,2025-05-22 07:32:33
26.18,2025-05-22 12:00:54
26.16,2025-05-22 18:00:57
26.1,2025-05-22 19:32:14
26.28,2025-05-23 00:00:36
26.35,2025-05-23 06:00:38
26.27,2025-05-23 07:32:34
26.16,2025-05-23 12:00:59
26.06,2025-05-23 18:00:56
26.17,2025-05-23 19:32:14
26.1,2025-05-23 20:54:57
26.15,2025-05-23 21:23:04
26.37,2025-05-24 00:00:36
26.72,2025-05-24 06:00:36
26.82,2025-05-24 07:32:36
26.22,2025-05-24 14:52:36
26.08,2025-05-24 15:20:26
26.18,2025-05-24 18:01:02
26.1,2025-05-24 19:32:14
26.17,2025-05-25 00:00:37
26.21,2025-05-25 06:00:37
26.37,2025-05-25 07:33:01
26.17,2025-05-25 12:00:54
26.25,2025-05-25 18:00:53
26.27,2025-05-25 19:32:15
26.86,2025-05-25 21:14:39
26.24,2025-05-26 00:00:36
26.34,2025-05-26 06:00:37
26.24,2025-05-26 07:32:33
26.22,2025-05-26 12:00:53
26.2,2025-05-26 18:00:53
26.22,2025-05-26 19:32:13
32.59,2025-05-27 06:17:24
27.01,2025-05-27 07:32:32
26.24,2025-05-27 12:01:00
26.24,2025-05-27 18:00:55
26.18,2025-05-27 19:32:14
26.21,2025-05-28 00:00:36
26.32,2025-05-28 06:00:36
26.25,2025-05-28 07:32:33
26.15,2025-05-28 12:00:54
26.19,2025-05-28 18:00:53
26.17,2025-05-28 20:20:47
26.25,2025-05-29 00:01:05
26.5,2025-05-29 06:00:55
26.37,2025-05-29 07:33:02
26.1,2025-05-29 12:00:57
26.12,2025-05-29 18:00:53
26.11,2025-05-29 19:32:32
26.23,2025-05-30 00:00:38
26.41,2025-05-30 06:00:35
26.48,2025-05-30 07:33:00
26.16,2025-05-30 12:00:55
26.24,2025-05-30 18:00:53
26.15,2025-05-30 19:32:14
26.28,2025-05-31 00:00:39
26.41,2025-05-31 06:00:36
26.37,2025-05-31 07:32:59
26.18,2025-05-31 12:00:54
26.16,2025-05-31 18:00:54
26.04,2025-05-31 19:32:18
26.21,2025-06-01 00:00:41
27.35,2025-06-01 08:53:24
26.04,2025-06-01 12:00:40
26.07,2025-06-01 18:00:36
26.3,2025-06-01 19:28:41
26.15,2025-06-01 19:32:11
26.3,2025-06-02 00:00:36
26.35,2025-06-02 06:00:37
26.53,2025-06-02 07:32:55
26.06,2025-06-02 12:00:53
26.12,2025-06-02 18:00:56
26.07,2025-06-02 19:32:15
26.27,2025-06-03 00:00:35
26.4,2025-06-03 06:00:37
26.46,2025-06-03 07:33:00
26.1,2025-06-03 12:00:53
26.17,2025-06-03 18:00:54
26.18,2025-06-03 19:32:14
26.21,2025-06-04 00:00:36
26.24,2025-06-04 06:00:36
26.24,2025-06-04 07:33:04
26.12,2025-06-04 12:00:54
26.16,2025-06-04 18:00:54
26.16,2025-06-04 19:32:15
26.41,2025-06-05 00:00:35
26.87,2025-06-05 06:00:37
26.43,2025-06-05 07:32:37
26.18,2025-06-05 12:00:54
26.26,2025-06-05 18:00:54
26.23,2025-06-05 19:32:17
26.59,2025-06-05 21:07:19
26.24,2025-06-06 00:00:42
26.42,2025-06-06 06:00:36
26.37,2025-06-06 07:32:38
26.21,2025-06-06 12:00:54
26.11,2025-06-06 16:11:25
26.2,2025-06-06 18:01:02
26.2,2025-06-06 19:32:13
26.33,2025-06-07 00:00:36
26.31,2025-06-07 06:00:36
26.19,2025-06-07 07:32:35
26.16,2025-06-07 12:00:54
26.22,2025-06-07 16:00:59
26.16,2025-06-07 18:00:54
26.07,2025-06-07 19:32:13
26.28,2025-06-08 00:00:36
26.37,2025-06-08 06:00:37
26.4,2025-06-08 07:32:36
27.04,2025-06-09 00:18:21
26.4,2025-06-09 06:00:59
26.49,2025-06-09 07:32:38
26.15,2025-06-09 13:33:58
26.07,2025-06-09 14:01:03
26.21,2025-06-09 18:00:58
26.02,2025-06-09 18:39:09
26.2,2025-06-09 19:32:15
26.35,2025-06-09 22:10:38
26.29,2025-06-10 00:00:36
26.42,2025-06-10 06:00:36
26.42,2025-06-10 07:32:35
26.23,2025-06-10 12:00:55
26.17,2025-06-10 18:00:55
26.17,2025-06-10 19:32:28
26.27,2025-06-11 00:00:37
26.43,2025-06-11 06:00:35
26.58,2025-06-11 07:32:34
26.18,2025-06-11 11:56:11
26.18,2025-06-11 12:00:54
26.08,2025-06-18 19:32:14
26.12,2025-06-19 00:00:37
26.1,2025-06-19 07:32:32
26.2,2025-06-19 12:00:56
25.9,2025-06-19 18:00:52
26.14,2025-06-19 19:32:15
26.2,2025-06-20 00:00:37
26.21,2025-06-20 06:00:36
26.26,2025-06-20 07:32:59
26.21,2025-06-20 12:00:57
26.06,2025-06-20 18:00:54
26.18,2025-06-20 19:32:15
26.19,2025-06-21 00:00:37
26.2,2025-06-21 06:00:36
26.23,2025-06-21 07:32:33
26.03,2025-06-21 12:01:01
26.15,2025-06-21 18:00:54
26.16,2025-06-21 19:32:15
26.34,2025-06-22 00:00:36
26.32,2025-06-22 06:00:37
26.35,2025-06-22 07:32:47
26.2,2025-06-22 12:00:59
26.21,2025-06-22 18:00:54
26.14,2025-06-22 19:32:15
26.22,2025-06-23 00:00:36
26.34,2025-06-23 06:00:36
26.35,2025-06-23 07:32:31
26.19,2025-06-23 12:01:00
26.13,2025-06-23 18:00:53
26.13,2025-06-23 19:32:29
26.31,2025-06-24 00:00:38
26.16,2025-06-24 06:00:37
26.34,2025-06-24 07:32:56
26.2,2025-06-24 12:00:59
26.13,2025-06-24 18:00:53
26.19,2025-06-24 19:32:27
26.35,2025-06-25 00:00:39
26.47,2025-06-25 06:00:36
26.52,2025-06-25 07:33:05
26.22,2025-06-25 12:00:58
26.21,2025-06-25 18:00:53
26.16,2025-06-25 19:32:17
26.25,2025-06-26 00:00:39
26.23,2025-06-26 06:00:36
26.27,2025-06-26 07:33:05
26.09,2025-06-26 12:00:57
26.17,2025-06-26 18:00:54
26.22,2025-06-26 19:32:14
26.27,2025-06-27 00:00:36
26.27,2025-06-27 06:00:36
26.54,2025-06-27 07:33:03
26.2,2025-06-27 10:33:00
26.18,2025-06-27 12:01:00
26.19,2025-06-27 18:00:56
26.19,2025-06-27 19:32:14
26.33,2025-06-28 00:00:36
26.57,2025-06-28 06:00:37
26.44,2025-06-28 07:32:40
26.09,2025-06-28 12:00:56
26.07,2025-06-28 18:00:54
26.11,2025-06-28 19:32:15
26.16,2025-06-28 22:31:02
26.22,2025-06-29 00:00:41
26.23,2025-06-29 06:00:36
26.26,2025-06-29 07:32:43
26.2,2025-06-29 12:00:56
26.17,2025-06-29 18:00:56
26.21,2025-06-29 19:32:14
26.39,2025-06-30 00:00:36
26.55,2025-06-30 06:00:37
26.5,2025-06-30 07:32:33
26.04,2025-06-30 12:00:56
26.24,2025-06-30 18:29:07
26.14,2025-06-30 19:32:13
26.23,2025-07-01 00:00:38
26.28,2025-07-01 06:00:36
26.15,2025-07-01 07:32:36
26.52,2025-07-01 12:01:00
26.23,2025-07-01 18:00:55
26.13,2025-07-01 19:32:13
26.24,2025-07-02 00:00:39
26.36,2025-07-02 06:00:36
26.27,2025-07-02 07:32:36
26.2,2025-07-02 12:00:54
26.26,2025-07-02 18:00:57
26.13,2025-07-02 19:32:15
26.32,2025-07-03 00:00:38
26.3,2025-07-03 06:00:36
26.4,2025-07-03 07:32:35
26.21,2025-07-03 12:00:55
26.22,2025-07-03 18:00:53
26.22,2025-07-03 19:32:14
26.37,2025-07-04 00:00:36
26.26,2025-07-04 06:00:37
26.29,2025-07-04 07:32:35
26.09,2025-07-04 12:00:53
26.15,2025-07-04 18:00:53
26.2,2025-07-04 19:32:15
26.25,2025-07-05 00:00:36
26.29,2025-07-05 06:00:36
26.4,2025-07-05 07:32:38
26.27,2025-07-05 12:00:55
26.23,2025-07-05 18:00:53
26.21,2025-07-05 19:32:14
26.26,2025-07-06 00:00:36
26.43,2025-07-06 06:00:37
26.37,2025-07-06 07:32:34
26.17,2025-07-06 12:00:54
29.39,2025-07-06 17:14:53
26.42,2025-07-06 18:00:59
26.31,2025-07-06 19:32:15
26.3,2025-07-07 00:00:36
26.3,2025-07-07 06:00:37
26.33,2025-07-07 07:32:32
26.2,2025-07-07 12:01:02
26.18,2025-07-07 18:00:53
26.22,2025-07-07 19:32:22
26.28,2025-07-08 00:00:36
26.36,2025-07-08 06:00:36
26.27,2025-07-08 07:32:34
26.17,2025-07-08 12:00:53
26.1,2025-07-08 18:00:59
26.29,2025-07-08 19:32:14
26.3,2025-07-09 00:00:36
26.62,2025-07-09 06:00:37
26.54,2025-07-09 07:32:31
26.35,2025-07-09 12:00:55
26.27,2025-07-09 18:00:53
26.17,2025-07-09 19:32:16
26.2,2025-07-10 00:00:36
26.32,2025-07-10 06:00:36
26.23,2025-07-10 07:32:36
26.24,2025-07-10 12:01:03
26.25,2025-07-10 18:00:54
26.01,2025-07-10 19:32:17
26.07,2025-07-10 19:48:07
26.44,2025-07-10 20:58:56
26.45,2025-07-11 00:00:38
26.32,2025-07-11 06:00:36
26.35,2025-07-11 07:32:36
26.26,2025-07-11 12:01:02
26.17,2025-07-11 18:00:56
26.23,2025-07-11 19:32:17
26.28,2025-07-12 00:00:36
26.27,2025-07-12 06:00:36
26.41,2025-07-12 07:32:35
26.17,2025-07-12 12:01:00
26.15,2025-07-12 18:00:55
26.15,2025-07-12 19:32:17
26.16,2025-07-13 00:00:36
26.1,2025-07-13 13:59:21
26.27,2025-07-13 18:00:37
26.21,2025-07-13 19:32:11
26.26,2025-07-14 00:00:36
26.38,2025-07-14 06:00:37
26.2,2025-07-14 07:32:34
26.14,2025-07-14 12:00:53
26.22,2025-07-14 13:57:02
26.2,2025-07-14 18:00:55
26.28,2025-07-14 19:32:12
26.33,2025-07-15 00:00:36
26.5,2025-07-15 06:00:37
26.73,2025-07-15 07:32:33
26.22,2025-07-15 10:37:41
26.12,2025-07-15 12:00:54
26.29,2025-07-15 18:00:53
26.24,2025-07-15 20:04:58
26.4,2025-07-16 00:01:03
26.39,2025-07-16 06:01:00
26.43,2025-07-16 07:32:39
26.17,2025-07-16 12:00:58
26.24,2025-07-16 18:00:55
26.17,2025-07-16 19:32:18
26.37,2025-07-17 00:00:37
26.39,2025-07-17 06:00:36
26.47,2025-07-17 07:32:33
26.31,2025-07-17 12:00:53
26.18,2025-07-17 18:00:59
26.28,2025-07-17 19:32:16
26.33,2025-07-18 00:00:36
26.34,2025-07-18 06:00:36
26.31,2025-07-18 07:32:33
26.26,2025-07-18 12:00:53
26.25,2025-07-18 18:01:02
26.34,2025-07-18 19:32:15
26.33,2025-07-19 00:00:36
26.3,2025-07-19 06:00:37
26.21,2025-07-19 07:32:33
26.27,2025-07-19 12:00:53
26.35,2025-07-19 18:00:59
26.33,2025-07-19 19:32:17
26.23,2025-07-20 00:00:36
26.28,2025-07-20 06:00:38
26.22,2025-07-20 07:33:04
26.29,2025-07-20 12:00:56
26.24,2025-07-20 12:12:34
26.28,2025-07-20 13:48:12
26.32,2025-07-20 18:00:59
26.34,2025-07-20 19:32:15
26.32,2025-07-20 20:57:14
26.34,2025-07-20 21:21:05
26.46,2025-07-21 00:00:36
26.43,2025-07-21 06:00:36
26.4,2025-07-21 07:32:33
26.28,2025-07-21 12:01:00
26.25,2025-07-21 12:53:04
26.16,2025-07-21 18:00:59
26.18,2025-07-21 19:32:14
26.27,2025-07-21 21:07:45
26.21,2025-07-22 00:00:37
26.33,2025-07-22 06:00:36
26.28,2025-07-22 07:33:05
26.24,2025-07-22 12:00:55
26.62,2025-07-22 13:12:00
26.27,2025-07-22 13:50:18
26.26,2025-07-22 15:36:16
26.13,2025-07-22 18:00:53
26.15,2025-07-22 19:32:15
26.35,2025-07-23 00:00:36
26.4,2025-07-23 06:00:37
26.24,2025-07-23 07:32:37
26.2,2025-07-23 13:51:25
26.24,2025-07-23 16:48:08
26.25,2025-07-23 18:05:10
26.25,2025-07-23 19:32:15
26.4,2025-07-24 00:00:36
26.63,2025-07-24 06:00:37
26.47,2025-07-24 07:33:07
26.16,2025-07-24 12:00:57
26.15,2025-07-24 18:00:53
26.22,2025-07-24 19:32:14
26.33,2025-07-25 00:00:36
26.46,2025-07-25 06:00:36
26.43,2025-07-25 07:32:31
26.18,2025-07-25 12:00:55
26.21,2025-07-25 18:58:58
26.16,2025-07-25 19:32:15
26.43,2025-07-26 00:00:36
26.5,2025-07-26 06:00:36
26.72,2025-07-26 07:32:34
26.24,2025-07-26 12:00:55
26.0,2025-07-26 18:00:53
26.13,2025-07-26 19:32:16
26.26,2025-07-27 00:00:36
26.46,2025-07-27 06:00:37
26.4,2025-07-27 07:32:37
26.16,2025-07-27 12:00:53
26.07,2025-07-27 18:00:59
26.15,2025-07-27 19:32:36
26.27,2025-07-28 00:00:36
26.22,2025-07-28 12:16:05
26.27,2025-07-28 18:00:40
26.23,2025-07-28 19:32:12
26.27,2025-07-29 00:00:36
26.54,2025-07-29 06:00:37
26.78,2025-07-29 07:32:55
26.2,2025-07-29 12:01:00
26.2,2025-07-29 18:00:53
26.18,2025-07-29 19:32:15
26.22,2025-07-30 00:00:36
26.28,2025-07-30 06:00:37
26.22,2025-07-30 07:32:33
26.17,2025-07-30 12:00:54
26.22,2025-07-30 18:00:58
26.16,2025-07-30 19:32:15
26.15,2025-07-31 00:00:36
26.24,2025-07-31 06:00:38
26.17,2025-07-31 07:32:42
26.17,2025-07-31 12:00:54
26.25,2025-07-31 18:00:54
26.18,2025-07-31 19:32:15
26.14,2025-08-01 00:00:37
26.3,2025-08-01 06:00:36
26.92,2025-08-01 07:36:10
26.13,2025-08-01 12:00:36
26.15,2025-08-01 18:00:36
26.22,2025-08-01 19:32:22
26.22,2025-08-02 00:00:36
26.22,2025-08-02 06:00:36
26.26,2025-08-02 07:32:32
26.13,2025-08-02 12:01:01
26.12,2025-08-02 18:00:54
26.2,2025-08-02 19:32:16
26.15,2025-08-03 00:00:36
26.22,2025-08-03 06:00:36
26.18,2025-08-03 07:32:32
26.08,2025-08-03 12:18:26
26.18,2025-08-03 13:55:24
26.17,2025-08-03 17:39:51
26.24,2025-08-03 18:00:57
26.1,2025-08-03 19:32:14
26.26,2025-08-04 00:00:36
26.78,2025-08-04 06:00:37
26.74,2025-08-04 07:32:36
26.24,2025-08-04 12:01:01
26.11,2025-08-04 18:00:53
26.21,2025-08-04 19:32:14
26.15,2025-08-05 00:00:37
26.08,2025-08-05 06:00:36
26.25,2025-08-05 07:32:35
26.05,2025-08-05 12:00:57
26.15,2025-08-05 18:00:54
26.2,2025-08-05 19:32:15
26.17,2025-08-06 00:00:36
26.13,2025-08-06 05:46:41
26.14,2025-08-06 06:00:36
26.1,2025-08-06 07:32:32
26.13,2025-08-06 12:01:00
26.12,2025-08-06 18:00:55
26.14,2025-08-06 19:32:16
26.1,2025-08-07 00:00:36
26.19,2025-08-07 06:00:37
26.12,2025-08-07 12:01:03
26.19,2025-08-07 18:00:54
26.18,2025-08-07 19:32:15
26.17,2025-08-08 00:00:40
26.33,2025-08-08 06:00:36
26.32,2025-08-08 07:32:33
26.21,2025-08-08 12:01:01
26.17,2025-08-08 18:00:54
26.15,2025-08-08 19:32:14
26.25,2025-08-09 00:00:36
26.21,2025-08-09 06:00:36
26.32,2025-08-09 07:32:33
26.12,2025-08-09 12:00:54
26.28,2025-08-09 18:00:54
27.03,2025-08-09 21:36:53
26.4,2025-08-10 00:01:01
26.43,2025-08-10 06:00:54
26.6,2025-08-10 07:32:39
26.27,2025-08-10 12:00:53
26.41,2025-08-10 17:48:38
26.35,2025-08-10 18:00:54
26.38,2025-08-10 18:47:41
26.28,2025-08-10 19:32:14
26.4,2025-08-11 00:00:36
26.38,2025-08-11 06:00:38
28.03,2025-08-11 12:38:16
26.28,2025-08-11 18:00:37
26.22,2025-08-11 19:32:10
26.56,2025-08-12 00:00:39
26.59,2025-08-12 06:00:36
26.58,2025-08-12 07:32:35
26.22,2025-08-12 12:00:58
26.36,2025-08-12 18:00:53
26.33,2025-08-12 19:32:14
26.42,2025-08-13 00:00:36
26.35,2025-08-13 06:00:36
26.51,2025-08-13 07:32:34
25.99,2025-08-13 12:00:57
26.1,2025-08-13 18:00:54
26.13,2025-08-13 19:32:16
26.29,2025-08-14 00:00:36
26.34,2025-08-14 06:00:36
26.47,2025-08-14 07:32:35
26.1,2025-08-14 12:58:18
26.16,2025-08-14 18:01:03
26.12,2025-08-14 19:32:16
26.23,2025-08-15 00:00:41
26.54,2025-08-15 06:00:36
26.29,2025-08-15 07:32:46
26.07,2025-08-15 12:00:59
26.09,2025-08-15 18:00:53
26.43,2025-08-15 19:32:15
27.18,2025-08-15 21:02:32
26.24,2025-08-16 00:00:36
26.3,2025-08-16 06:00:38
26.36,2025-08-16 07:32:35
26.19,2025-08-16 12:00:55
26.26,2025-08-16 18:00:53
26.14,2025-08-16 19:32:14
26.27,2025-08-17 00:00:36
26.19,2025-08-17 06:00:37
26.19,2025-08-17 07:32:34
26.24,2025-08-17 12:00:53
26.25,2025-08-17 18:01:00
26.38,2025-08-17 19:32:16
26.43,2025-08-18 00:00:36
26.36,2025-08-18 06:00:36
26.53,2025-08-18 07:32:35
26.16,2025-08-18 12:00:58
26.3,2025-08-18 15:14:50
26.21,2025-08-18 18:00:54
26.3,2025-08-18 19:32:14
26.36,2025-08-19 00:00:36
26.53,2025-08-19 06:00:36
26.67,2025-08-19 07:32:34
26.27,2025-08-19 12:01:00
26.19,2025-08-19 18:00:55
26.35,2025-08-19 19:32:14
27.13,2025-08-19 20:28:55
26.74,2025-08-20 00:00:37
26.4,2025-08-20 06:00:36
26.25,2025-08-20 07:32:33
26.5,2025-08-20 08:25:39
26.12,2025-08-20 12:00:55
26.2,2025-08-20 18:00:55
26.17,2025-08-20 19:32:14
26.33,2025-08-21 00:00:35
26.44,2025-08-21 06:00:36
26.33,2025-08-21 07:32:36
26.16,2025-08-21 12:00:56
26.61,2025-08-21 18:00:52
26.62,2025-08-21 19:32:28
26.55,2025-08-22 00:00:40
26.31,2025-08-22 06:00:36
26.39,2025-08-22 07:32:39
26.14,2025-08-22 12:01:04
26.12,2025-08-22 18:00:56
26.2,2025-08-22 19:06:30
26.13,2025-08-22 19:32:15
26.35,2025-08-23 00:00:37
26.42,2025-08-23 06:00:35
26.53,2025-08-23 07:32:55
26.2,2025-08-23 12:00:56
26.18,2025-08-23 18:00:54
26.15,2025-08-23 19:32:22
26.26,2025-08-24 00:00:39
26.36,2025-08-24 04:39:59
26.39,2025-08-24 06:00:40
26.47,2025-08-24 07:32:36
26.22,2025-08-24 12:01:00
26.06,2025-08-24 18:00:53
26.1,2025-08-24 19:32:16
26.22,2025-08-25 00:00:39
26.28,2025-08-25 06:00:36
32.05,2025-08-25 12:34:58
26.2,2025-08-25 18:00:37
26.25,2025-08-25 19:32:31
26.32,2025-08-26 00:00:36
26.46,2025-08-26 06:00:36
26.39,2025-08-26 07:33:01
26.28,2025-08-26 19:46:06
26.17,2025-08-26 22:35:45
26.14,2025-08-27 00:00:54
26.74,2025-08-27 10:16:27
26.2,2025-08-27 12:01:00
26.1,2025-08-27 18:00:53
26.11,2025-08-27 19:32:15
26.22,2025-08-28 00:00:39
26.29,2025-08-28 06:00:36
26.31,2025-08-28 07:32:36
26.12,2025-08-28 12:01:04
26.15,2025-08-28 18:00:53
26.09,2025-08-28 19:32:14
26.2,2025-08-29 00:00:40
26.36,2025-08-29 06:00:36
26.39,2025-08-29 07:32:35
26.11,2025-08-29 12:01:03
25.89,2025-08-29 18:00:53
25.86,2025-08-29 19:32:19
26.2,2025-08-30 00:00:38
26.39,2025-08-30 06:00:35
26.35,2025-08-30 07:32:37
26.06,2025-08-30 12:01:03
26.09,2025-08-30 18:00:53
26.07,2025-08-30 19:32:23
